JOB;Deadline;PT
1102;1.1484190413837576;7.149541024936487
1333;5.71568638212098;4.863541720417968
1586;11.400158208507737;2.275461535619031
1667;12.248689497945488;19.39684863559419
1238;13.524934959049057;16.791308341332012
1514;14.510303828939831;19.501873289168316
122;17.535942755755347;12.723718740067685
1446;24.045339176091638;10.295573489866882
651;27.258788970571807;19.137035714240206
1737;28.015877870606204;4.3604986054014585
1338;32.133860299101855;2.914380849954812
178;32.181008059132694;14.363003460980524
100;33.74359098298395;8.023603545980318
1799;34.1022278095442;4.326577804498517
848;34.83170410664786;7.320372950298955
1441;38.467642259209825;18.11499438705404
1145;39.45236447137346;8.554996471252304
1899;40.53609091182003;16.81173259706677
1748;40.54545117539111;12.133886661634575
1687;41.51533347606144;2.5147271030600624
802;47.32457968989897;1.6950163625004593
130;53.74654967281373;17.922851953780167
1805;53.797536987100415;10.315895956443716
1177;57.285555238424635;13.102830290450724
437;60.645976558737786;19.74843987009603
1795;66.13257679691236;13.21267882344844
471;67.44032987949589;8.839385940967652
1642;67.72677333171595;15.227897701693063
596;67.78854314119663;3.999996163572913
957;71.23643299950258;1.2629640253446588
1573;71.37185991200444;14.642819888651738
1376;71.4211611562676;1.1142946424772693
273;73.13071409212091;10.593943390549578
1629;74.80417536007845;10.625213820924815
1110;75.66854499669466;5.717897268801298
1922;78.21353897189894;12.297980844118864
6;79.51264351201073;18.045752655071034
1369;84.3910395478344;8.647265429829936
484;85.89283685285068;1.4884192911437302
152;89.45086690834825;8.710251456515394
1360;89.76700720216118;1.8065255678606627
1792;90.71110319128668;12.445687596003342
697;92.25397970260627;14.752655834057236
489;92.62714931877234;11.614515540474924
292;98.64370343717039;17.94423738291724
1652;103.10040405155554;10.194622328856132
296;104.91764307001421;3.5353555940600527
1820;105.9727530411196;9.148717542100744
908;109.28427652968846;16.350026450048492
1288;109.43685972784765;4.746546379454574
121;115.01251136068201;3.7601719862622343
591;115.30787145126018;15.331407882434595
779;118.70264222211367;13.807868587588114
1560;120.39426538781271;2.3116361682938114
276;123.69809930270718;15.873530858701839
284;128.68853543650505;4.644927637950879
1479;128.9542337025629;18.64623326065276
1199;131.03975937948775;12.25099795666631
654;131.27096668196148;11.824758290666137
1034;131.52558528357673;12.55785889955763
1159;135.0895242101557;5.9400121346751975
1844;135.3649985370823;12.473794009404966
40;137.0177584201012;14.25312073283676
755;137.6755010120794;18.95039723910418
1997;138.11720812611136;15.63510459166205
1696;143.48591157393506;6.40686573313719
916;153.43337283024738;8.024746320456213
400;159.0063095640033;13.768120545010927
1271;166.0259908185686;2.2646621477057907
1442;166.48658059555504;13.383613572635207
525;168.55240857136096;18.691862316122634
754;168.5834105105658;15.205229065752604
1770;169.9116745000959;6.832175316212497
508;173.43485020257876;13.983525743880726
1497;176.10699586728109;5.553271736474665
1624;181.15363824576755;6.121536197991175
1855;189.73250339068372;2.9186869176784658
947;191.5391014942427;18.58359073036758
1963;194.35975363419635;2.091891752772134
1042;197.4419799009856;12.11977053365894
169;200.75815389097085;4.40287268252921
1693;202.29045033033756;4.25870554316074
659;204.99766000537693;15.611990446308246
1095;207.89494074352433;13.24275913726671
1335;208.68575448546827;5.0885383280940895
364;219.97214070257445;16.318051104482343
962;220.36353058788103;18.366343804234088
453;222.5512409911266;5.324223482342006
1912;224.3689087358813;13.235114107305241
1260;224.94159276051528;19.445527473475337
15;225.26016449270122;5.091488089507889
287;227.52919491158818;16.43741503919388
1316;229.03571988106418;15.046776591679176
408;230.64338865972795;2.575634320665031
1865;231.95872160628053;6.2932108928809996
547;232.1679494609131;12.16767818998806
1485;233.5433409561618;15.866517828297846
597;234.74940322310604;7.025865379279645
5;235.4272292928366;11.866473913573543
494;236.7929297998286;3.9747413471169346
1384;237.22624873602805;15.856048048348683
1057;238.8263297538919;2.800466790069962
232;239.12037019492539;11.809045285621789
892;240.5793571703792;12.67023638371459
1814;241.6732111511611;13.413963722168765
98;247.83016135097316;5.6091253744032485
1938;248.59283937515397;2.1161760668389884
483;250.29764809204204;9.316652300265687
1551;252.2982967171742;11.7437872192326
499;254.28910449872467;13.222858035291305
945;262.21433377138914;6.709042637746808
136;266.9682995585081;18.395248251192132
1254;268.6222652371904;18.033996530675495
1867;272.54490780556773;6.150543430454099
880;274.614124202433;18.37323354572083
1876;276.5004270915296;13.707111560708723
593;277.4337250447279;10.085369819281317
1307;277.90885049193685;4.315362276014647
718;278.9642043345073;3.051272268918165
896;284.1036424555414;3.2604959863675997
164;287.99944551205493;13.48903420122962
1834;288.8111771915844;12.851489722730228
792;289.24979346754725;2.118998009630804
1584;291.997744594641;14.314980269698959
661;292.89858817444895;15.305911537699082
1936;294.2054355036838;19.833676127119247
918;295.6225302664144;6.596536787828824
995;297.5312889420895;7.608886723330887
1331;300.18163524760456;6.395365447936966
1437;304.03593398545934;11.019914562501729
788;308.8856447923722;11.97947825284801
1403;312.10821724701145;8.409978912458648
196;312.12762507328887;4.672746366335497
1133;315.51632030263113;17.88249202216535
910;320.3301149001132;3.8238265381861165
1928;325.22969397216923;6.234489757653296
304;327.1160464958856;10.073940684309088
1675;333.4979967783339;11.677771287502082
879;333.621392612443;8.938697987964023
446;333.70764502946145;5.764083948611361
402;334.20376393133984;2.2474480042986684
1569;336.8372187614099;4.1097150543388015
141;340.20996432169017;15.934699711682274
1655;340.3070258669005;11.491059017158136
870;340.4804295995071;6.430049458033563
894;340.9018641109639;11.510876503481713
847;343.8858289281073;7.6641860974913385
261;346.5055702933223;12.128231297167508
1859;346.9590531949685;1.4441064587982813
1424;347.37131413959906;4.932780397459747
934;348.2188615534015;8.182558241165633
1209;351.39024705835425;14.818703711037692
278;355.45294630295996;9.902359857491085
1857;355.50327632658946;19.350914111440616
411;356.72723521743126;12.387450862447999
318;356.78143621691055;18.07800232928098
1445;356.96723868363574;8.687091672692075
1438;358.49196572657803;9.079841962863085
113;360.5816943656336;5.960160797437673
747;360.82175024324846;11.722299247101814
830;362.66984785957766;14.687716266192869
1646;362.67729856680705;14.095891347020629
1554;363.8564746350513;5.726559135038351
1645;364.44143529062586;18.370653119909633
540;369.857935652722;18.144673023191913
1391;372.0109663329827;16.967578197321338
1128;372.9238493980063;19.756839140672735
568;374.0235432183021;12.402790233674224
1659;376.6320758689589;10.13606887412829
1266;381.7553791838103;4.323530499124837
930;385.0289944531487;13.504621774043786
1487;385.11605587036536;12.902874675206752
803;386.91002129880474;1.1612468609885305
884;387.86087342724466;9.533308286047387
749;387.9477960911682;4.731490641909663
683;389.85665465332386;12.052657223868858
567;390.34809989800436;3.8462800862353306
1007;392.6176543519274;9.206755823199988
1746;393.1743382251676;15.068515878850251
27;393.1940076272981;13.958473391808008
1094;394.9784991398082;5.583158269327066
382;395.37379802121393;9.306120721404344
1602;396.12161597073;5.080431737645231
172;396.66624691591016;17.540467482672295
204;399.92263774458615;6.157079570538961
1134;401.4843756081362;6.306132929134093
285;404.2132325317543;6.605396216506832
1330;407.9096858950487;7.25831489467275
315;410.5840200251649;9.661356150861273
1255;412.91422075080106;15.964096666903849
14;416.70056670025883;10.630576793959952
887;417.4611793936035;10.42919713370744
1904;417.8544244416285;8.370328356960485
212;420.12847230436734;18.865881865315338
1934;420.5471073962507;10.925852323904484
1023;425.5429971152369;4.574247552606643
1357;431.71876790714566;6.696765056135645
1372;432.87922379057926;13.676535864643432
1707;433.04291990484694;13.10213203620376
30;433.954341201564;4.216222619365071
1720;433.98600852640703;14.642222392168264
1295;434.11906155683477;2.1586682926072385
338;437.4360833368508;6.836388994578161
1651;438.2491839317749;12.201088849102824
501;440.4567504720573;1.8015811925551946
1232;442.4277309685927;8.439695039440418
213;442.4909875688178;2.653257449690212
1974;442.90112862803244;4.228112827336899
1280;443.7951154076223;1.698829925280394
696;445.9675122594416;8.386924059843711
350;447.14338878037614;19.25549539669363
1592;449.24403825593777;7.385294723530521
342;450.49352727132793;17.16147990959811
174;450.7661049373145;10.829903780197345
20;457.19430849361606;14.948066876496732
361;463.6394559408454;12.05157603681835
438;464.02539357925656;9.410609914530575
1448;466.9921836980568;12.598514049188658
628;468.2447836894261;1.734532745214934
1848;468.9272685361591;17.55983267246956
688;477.5034962413076;11.842562140006775
1929;478.1340595185967;11.355306516447099
1694;478.2265632334117;7.385012487967559
881;479.01020793815377;14.498731570262493
110;480.947385339486;16.188384734299042
800;485.18353443968317;18.391874188485982
1337;486.9415709365388;5.219247844658299
10;487.9684160281529;16.56169962410486
419;490.08147011034936;12.373085852788273
89;493.61955035893254;1.8577063059166345
193;493.7515255043858;4.999126961794791
1807;494.97461524397465;15.415078647765819
1564;497.0761183719316;14.437497391668016
1015;497.60446084367607;14.439469580907904
1509;499.24346987463224;18.057808688086087
1494;500.2082881907835;1.019086281317483
309;501.74537829914385;1.898887307368755
1463;505.0354533567133;19.87607200181743
192;507.4243729657345;14.813491839088288
418;508.5477288077927;12.656119800987192
897;518.6484220695963;2.8324228774695515
1207;518.7284995020317;6.225811414032747
1690;523.4247941247697;3.0660467563270686
1590;524.1242755787943;15.609993222154687
711;524.6045689017093;1.1192136447115126
1281;525.7303948774746;1.294916124307246
1208;527.6926635478617;2.377513736035761
376;529.0948238524189;9.292583905112751
643;529.3333582195849;18.029816364999967
1596;529.5830397274129;10.16431440591779
351;532.3637645094282;4.877130511799776
861;532.8421254063265;1.4532539931107056
714;534.4397716312841;6.565558583009813
215;536.209352728506;1.7379232503351663
1225;539.8629956433999;1.0748603906934586
1864;543.5860095832412;3.2260131757765182
466;544.1000851667085;18.10593726313079
424;547.7132577158135;9.678251251961493
1528;547.9953366236629;10.189096092594575
1334;548.5306733043285;18.503155991471264
389;548.7320242616302;6.546367493908628
1383;549.5292348287903;5.619260783290005
564;549.742347261406;11.641788363025645
1778;552.2973468942183;18.64385573757898
951;555.4663774079578;8.51390391792071
410;556.0048092046468;16.73485833118293
921;561.6878386784571;5.001966097682276
1400;563.5959019645124;11.122213696726464
1377;566.9994005638378;17.719999540691642
1705;568.603733817812;17.026258289746394
1745;572.5662428516539;9.565707814987103
211;574.7342097316732;6.623412351375117
1967;574.9423946922121;19.819576156159663
1886;575.8414424840794;10.33715284060441
1456;576.7075679109086;14.402054014197608
82;579.3355999071522;13.945602709548037
611;580.0966869726517;6.867882238782291
797;580.5321426499789;15.489540441300607
1723;581.5584950402172;2.5447975829738096
1727;584.1129369040946;3.5882993685944284
1311;585.0853474061075;9.421652981954123
1827;586.6454503362352;7.57218737359022
1127;592.7843298789695;10.680757145717276
869;594.5315069023841;12.918648808260603
1530;599.3311144034656;4.156713892459205
1016;600.334951021545;14.603722378854004
608;600.9562248597774;18.33480059898663
281;607.2713510501775;2.9863161492968073
1150;607.9689387032984;19.79845632659991
451;608.7229862856976;4.194532713800982
1826;609.630212719353;11.484127411527323
1375;614.7449882662697;1.747870585341615
1889;615.1113745187128;4.945993205503913
1040;618.9407205059678;9.649674518586048
199;619.5776496141276;16.263257956104052
578;620.0804535933069;14.6879621518136
1046;621.028620507438;18.655085759513625
280;624.7108518027088;6.607290340891994
86;626.2452999436574;8.566864317459189
529;627.2683712454271;10.258019546561288
46;629.3321647896618;16.742281621397193
742;629.5300617699853;15.50347005052485
1116;630.4106943487174;17.033817655199083
598;632.6157348557753;16.383205750484784
512;634.8361948362115;9.174470004053722
1726;638.5901346655713;17.702276136677526
675;645.5059859497742;4.61580890160864
357;645.628271864135;19.448713146580975
426;646.6866640721373;9.438599177855014
537;647.9134965656438;10.028206773197027
1951;648.5324918562575;19.457268769162177
1453;651.0938136073185;6.315840708547916
817;651.5745263178666;8.884922733035475
1114;651.6821523800518;13.37590837334296
445;653.0051156732484;8.215874286575769
1124;655.0442148687821;18.945718224683322
1803;658.8778990017946;8.757142115641809
1840;661.7579354776097;12.282198145571844
1355;663.3622398126836;18.797567662979144
1043;663.9677453555408;18.171361276179347
532;664.0225213322267;4.530030845925057
555;664.362461846795;2.7371345148797337
123;666.0576115387344;10.034975423079814
825;666.2310879388988;2.053745900211876
1153;668.4527694463917;11.151842942521023
1747;671.3149822253654;12.494723802690595
157;677.8801922843435;11.859531551574426
622;680.7496677499397;15.373606531765562
2;686.6978716701393;7.591587523991782
1196;686.9215634234049;10.567855952162414
50;687.0518501809692;12.514264943021274
421;692.0044612057536;18.603041048056944
1871;697.0113621065105;3.6449083623756175
1718;700.8734325854319;13.79711441315698
240;702.1908942965885;10.25848508885607
1189;702.3474967472827;19.649739119185675
1066;703.3661942575567;8.007772745006244
57;704.2425157919845;13.754288264027405
888;707.3619856310434;8.077989560115132
138;711.3343401545884;1.0961073558870602
1767;712.5365347837246;19.946990830137295
1776;713.3704230211243;11.715777200008613
1434;714.8408172729011;2.9043409676347083
767;719.768665596952;8.495422607645924
698;720.7806226843333;15.141350365741712
366;721.3074157795205;13.666942339849859
1105;721.7645860613836;3.942669484274427
1731;724.9226169899899;10.397313594346858
1103;726.2480182559909;15.675934725166211
1491;729.2182263246387;12.861887841884837
1211;731.2156379847037;5.6237159503418415
990;732.8262649319242;4.098313191700654
1911;735.7292976616378;17.79417962951179
1416;736.9633955196409;17.008014008702567
954;738.1606549920133;16.5905303546309
644;743.802293417765;10.333828210772253
111;744.5459101763828;9.222265930457155
845;745.4749371690282;15.345588927227872
993;745.8559166619666;2.3761281570673107
359;751.5834898666507;7.537103011948641
12;753.5821469507719;9.9384417537277
289;755.726673239731;15.11701742492621
833;758.0544723171024;11.976930004454118
1819;758.232101225851;1.9055190585833222
1108;765.7220711696077;15.514992874910357
1354;772.7309848643572;7.549710068924025
460;772.7466347194127;16.287210852531985
343;773.4974501189095;10.231267169201223
262;773.8015566429533;12.71658044314428
1933;776.0986794535117;17.84318457534322
842;776.3276826819368;18.034740064212556
1;776.5667913656758;15.062862351637568
1423;778.6407333927551;8.87653470048534
194;778.8765213676106;15.319309704170145
1818;785.7529727265646;1.4579107907323152
96;792.201655078698;7.02551271993851
1385;792.7499409832365;10.338919783705851
1213;793.5580541325521;8.550642467636106
1019;794.8261639502884;14.682936437220302
222;795.8648421649069;13.002278837280905
190;797.1753733663401;3.4844522529046347
1781;801.4489462757896;12.03800852090716
1187;803.6785991427903;4.593438494557152
150;804.0977167750057;18.083425360758334
710;804.1096449721842;14.44685704304055
425;805.8344455638173;17.119298329302985
1909;805.845403406546;4.548286822449043
1051;809.8056433139458;4.160017338160783
1607;809.8752101872823;3.1333725966330253
1380;811.766669010734;8.999572581673647
102;812.9070166578364;8.888940957015082
1319;815.9962710143997;4.894829665418148
630;816.3764624016161;11.639339811304128
1861;818.1404674675912;4.306575747225388
975;819.4011613425943;9.7765583078598
1315;819.4580596676568;13.600748672098009
257;820.2225440234322;16.457980038286806
401;820.4636116291748;18.268151891720958
1233;821.1926867915513;4.486732419148758
378;825.3941233545088;12.253589295730402
1932;826.0871864268287;10.615076020253607
775;826.3777986321157;11.221756200756348
39;826.6288624666287;19.33322653979362
1733;827.7093356685077;11.28524700716403
1115;828.7299752158813;10.148652394253656
1773;829.491248200724;11.537088920056961
1004;830.7342001761773;15.631256764312964
791;831.9589396928283;8.316814341936862
374;833.0080470217506;7.926332256059242
119;835.5120856860094;2.2921769569215042
561;836.6028266143012;17.59164167975171
87;840.058217447645;1.744300086022645
535;843.5700669592518;11.194879400589313
844;849.3179153279196;19.760347178477033
516;849.7007124291991;6.907245782008215
997;850.7079676310449;14.131611757916524
1324;852.8030542240431;10.460852962152694
1567;857.2784213159007;18.86451644251406
1024;862.9310412668926;11.867013081106544
63;864.0660847117962;5.989381932629225
1893;864.2357923904563;8.900995821243468
305;864.862989030709;16.577415770985787
1389;864.9796788621306;9.453674401850979
274;867.4445297132945;5.163424444607962
1420;867.4574791018852;11.297177805124594
1618;870.5184300988192;4.17057726582571
311;874.049176117503;4.249868501627516
571;875.1999472868127;5.395787770161614
757;878.5974680347047;7.5216715108437295
1301;879.7835641431652;7.710247529487434
1931;881.0534397804335;12.051017374966396
794;881.9538251427028;1.4668142710935874
1474;882.7658959839235;15.541308427087753
595;882.8353837725588;6.796358548216117
1218;893.293364934337;19.06968965414309
1050;896.0566802348799;17.689397229403195
895;899.1960855362057;3.9963174123096934
1939;899.393997331772;9.847714029027234
991;902.1176639648551;7.75851306787781
588;905.0775014767231;10.63937148761634
1395;906.6780235315535;5.383050893599879
1915;908.7813381435154;4.249608072279938
618;909.1610195337173;7.472615877559914
114;910.9369484309244;13.613840612643491
1700;911.3825878344537;19.889085612181955
1499;913.555734327117;1.504443613288986
1954;918.979595979859;4.377726327862041
684;921.3766363280063;15.627057022335107
54;921.7399409628941;14.526928459036068
676;922.2945396850243;1.7420530636494256
1764;923.3724745230269;14.455291200978467
1467;937.7924938685109;16.977262408521703
268;940.5106553453221;11.017883479854595
929;943.5586436988443;4.216355283135213
103;945.7098245357249;16.37008799818085
1511;946.4945691259935;13.58157953338142
1274;949.5842876155423;4.56781620508484
313;949.9703229534733;2.638778225028781
635;950.163625768811;17.759217183044274
1481;950.4536139708479;13.603369939204203
820;952.0072927791701;18.997340740113117
1703;952.3489251593106;8.307824487575914
375;960.6923015099902;6.739727683283119
1243;962.2590423602261;13.739239340667568
496;965.0196087376324;4.466398560291761
1386;968.5811450664277;17.282538012466777
1091;972.7898907652287;15.649598677393277
417;973.0737814386069;5.321762832171704
983;976.5930254572405;11.294327481230535
1943;976.9932793409664;3.8097012997251762
1270;977.1973514094984;18.979324350246813
476;982.0990991330505;14.821728573929711
246;986.9140690873925;15.818413298013454
72;987.0484715808418;4.588794458348117
592;988.2527764497496;8.172502925172502
383;992.410486787046;18.670582696918054
1959;994.0580678099335;8.99270232232972
1785;994.29502635354;16.920108308976065
166;997.939681472155;14.299005886580945
613;999.8190984660743;6.412771745437476
249;1000.2023301512635;4.066303305493022
1450;1001.1407702929644;15.61476852607693
1524;1008.3918793178221;12.773413850265696
785;1008.7302553452123;13.434884681884679
1086;1009.9741836645126;8.678156925445464
62;1012.4016456359313;6.215071144164346
1010;1018.5297094622532;3.9434278942413603
1587;1019.5100887642604;14.950410561266628
440;1020.5174487197361;6.759866245276221
1361;1021.3280192120311;15.094672534925206
831;1023.7203723352865;2.4382503174362116
641;1024.1683028227658;7.521760672380576
229;1025.5033571654105;14.762432497677272
1186;1027.30328678803;17.80134418604565
265;1027.429790226751;6.878596939219387
1510;1028.7932492666394;7.658548900329998
1935;1031.7097114396656;4.465453196109784
238;1034.9410779967359;19.946653657729595
1588;1040.6827027040256;3.583251827386852
1465;1045.3851053617996;17.106120750364468
223;1046.3442491309374;1.140890736694173
1406;1046.7139407867803;5.585833885042739
490;1046.767387322581;7.250806653761018
715;1047.523534459868;6.869125490106127
1549;1048.4818985336992;5.182097807966805
1713;1049.4064088874516;1.4871778157139572
1292;1050.6109475187513;1.61974406489134
860;1051.2052314464918;17.077240951099647
1174;1052.1904454143948;18.13458795210756
620;1052.7896017044159;19.16208406238385
1670;1054.143317873816;5.261403915341608
1090;1057.5393251789292;7.0005344007226995
670;1067.9614495335102;13.69527238192373
1766;1072.571972119946;8.72757828730698
266;1075.5261823231476;13.346148712062112
1035;1076.6090927964115;6.720915353679098
1340;1080.1689242227494;11.046012502139451
224;1081.876547287719;16.288922446826938
125;1084.7546998575942;13.360444479788406
1525;1088.263979735158;18.587440166631048
1800;1088.3305845860853;9.529637740807452
1942;1088.4040414289952;3.2699293816078727
707;1091.458231304664;17.443543156559205
1085;1092.244074571417;1.4758124975163884
294;1094.6722244815205;4.902109800343506
1595;1099.5645458860192;12.305692197463758
1610;1104.5020090642824;2.6353916195725553
385;1104.891064008324;12.281696801398839
71;1108.333736437991;16.043506564347513
263;1110.0452242786287;9.728524661660614
340;1111.260463268087;16.49659656247871
966;1111.453584773259;17.33205696596429
1890;1111.797165060227;9.5899692203924
156;1113.1040756299672;15.210438025061704
1837;1114.324238436118;3.321981526750261
1168;1115.4627094161947;17.80226456006476
346;1115.7719812728728;5.357954692019986
1351;1130.0223522599522;8.888872892359279
1336;1132.418551566824;9.879860268194847
293;1132.9380296949444;18.545539935561763
1038;1133.937154795118;15.67761108743965
108;1134.0280591713358;16.162773089432854
840;1140.1445943409979;19.527387307998612
384;1141.7681579114558;9.811120805945038
784;1142.651485863777;2.226811358878736
1158;1144.7475362512378;11.846914181579955
762;1144.8260937873877;16.680457487170287
22;1145.5996710120194;7.46371426305016
760;1145.8853037519225;14.26098000654886
1106;1147.883627810585;3.5095649711413843
1175;1148.1183389469238;7.803727338310291
302;1152.668241102286;13.176053531065808
734;1154.6774856496293;12.611503549492882
326;1155.8426323780948;5.075075121917798
1052;1156.4827532847885;9.681536511495958
782;1158.3783286092141;9.481438880636862
358;1160.2727755223805;7.7623989916947105
1249;1167.1999430288604;3.563132221330322
1604;1169.2047678224292;5.496178495742512
1953;1169.9839958907148;14.453499822964245
507;1172.2018821372976;18.35874231582228
1729;1172.2455839338616;15.731522199374565
1887;1172.5198648623557;10.935852132726895
271;1172.9672527978582;6.7899929144743485
1289;1173.2956649910204;13.782523420343383
226;1173.7152727317864;17.468012944428523
1470;1173.999535429652;8.923790038218787
1065;1174.4198071232292;4.753493680822668
1815;1178.4309542884864;14.757791652895005
600;1181.3736542013994;1.0868557583884355
218;1181.6863744315733;7.184493602212869
1176;1183.1454982767639;13.977242495705374
1606;1185.0184061577386;6.249344086543983
806;1186.4908818499482;4.960443036210052
107;1189.8873604275186;16.867693731615653
616;1192.6237144975623;16.125206772987482
570;1194.4609092248925;12.937277324656128
1155;1194.8724705018708;15.51061297150145
488;1195.634230333781;15.719773077502426
1415;1197.0082028632203;19.557514690880275
1460;1197.4254240547534;11.49107746567358
829;1199.874228092191;4.7681291633756215
198;1200.5245741935996;13.475787060222398
1205;1200.8477398936284;9.325079036366295
960;1202.9274323347195;1.2911488868839651
120;1204.6932668221775;9.08080129694069
1044;1205.25296272847;17.982797664447794
607;1206.2850886479137;3.756922010420311
1704;1207.1746686466781;14.436239746836666
245;1209.5351192296566;6.177317666814529
977;1210.4882637979986;5.623535750812971
81;1212.020817153565;7.880962665235561
1449;1214.1450728464756;7.787165262246765
882;1214.4213116404328;2.5474304157308696
1240;1214.6104539082178;17.458462813273815
1543;1216.3797906979737;15.852398867157314
1226;1221.4576424661334;19.85894051318626
733;1222.3903116117956;19.54112773348508
1809;1224.1675612775323;10.052456047703629
505;1224.7567216750294;18.483965649404784
1192;1228.5061070869067;12.360465470141968
944;1230.5230268482933;3.124173986274044
9;1230.8443660150917;7.252231692384476
355;1232.6452529337257;6.242422186173093
26;1232.7403825938716;4.7429830027075885
959;1234.7862551041596;12.72344374068118
300;1240.47247747379;9.274704056815327
1032;1248.191335606444;12.006844563969533
1537;1248.9286508781452;19.841300710131126
883;1248.9875497467667;8.377959839220638
721;1249.3817634232971;19.521493911880224
572;1251.8671756839015;9.273218481255945
1203;1252.1739312284712;2.759592455973696
534;1253.2242744966761;8.332348255719184
1622;1254.7485872192533;1.9678985254287027
699;1264.3050000092107;6.252076215860875
953;1264.8034370975877;5.542745128076297
1653;1266.8601682646406;3.9567847916322454
428;1269.1279987510168;5.129428515225232
1996;1269.1282329098608;7.1520603579042366
1417;1270.8000399996772;3.9502617879929476
1343;1272.652390645022;9.575817309366796
1854;1273.5761216253525;3.3387150087445296
961;1275.471657856505;5.414061834218801
128;1282.0358403294972;9.472225108241991
649;1283.8487050693993;10.579425583615178
1144;1284.9763394980348;10.36875952790594
1512;1288.1632890156382;13.645737590898683
1136;1291.1943393138486;6.931092980659726
1617;1294.711458883569;11.82989999528166
32;1295.0302336038542;7.634601678350245
267;1295.599461714992;13.737492297923248
269;1297.8699984322311;3.2875587714833516
1581;1297.879767309108;1.2128850916317768
1290;1305.0248973732166;17.138330036963897
680;1305.4151420701285;18.908521637268407
1432;1306.261204618556;6.881788373657235
739;1310.5999201100078;11.069862999649933
1401;1312.5551889498297;10.221172287704398
629;1314.9688619650865;15.07450087997609
631;1318.5043942114764;19.041554444646167
1359;1319.503417017614;3.654998296904243
976;1320.5572379300452;15.902556208383578
678;1324.5167011457468;8.174346202828843
427;1325.715996685845;13.598692343359929
646;1327.0269536360904;12.860705151289416
1577;1327.6632949207844;13.25679326565135
1426;1329.7809672525314;19.062179183777996
1026;1333.2013015647817;18.643665813179293
160;1335.5461325210313;11.929540069432909
566;1335.8118894710776;3.5257916810711993
1722;1337.1538721721904;18.924759026914156
1692;1341.3227128135993;8.341405919945702
898;1349.9295590202157;8.87399773990753
585;1355.359238299156;4.435013627419076
1841;1357.266718605365;11.320499353835661
679;1361.9313116634098;5.790754008702719
1293;1361.9435549758941;5.328149724619672
1464;1364.0189551150713;2.2301373648081335
798;1368.5105530311503;6.448600723733153
1245;1369.807601423698;14.46557386428271
846;1369.9079884999328;9.60463908375918
937;1370.0052913475015;12.85864774482087
217;1370.2972666920223;12.064347546108444
1350;1370.4069669900723;4.667589287610844
623;1371.775226789397;17.089898678784895
1985;1372.5986912275566;12.48299430455674
1518;1374.0716252499008;3.026751322980901
135;1374.6046715717962;14.211219697107449
1054;1380.3583567680307;7.1023928340423295
893;1385.4898853193927;11.467507893375611
310;1385.591429135588;16.53236863081476
1507;1385.9116777568436;2.4759985224763637
255;1391.5373136125731;7.329218693962357
435;1391.9911533557975;5.01151794925341
1846;1392.216225622673;19.029711268170495
1475;1399.7570624116302;11.711170043098832
1866;1400.218192881343;7.122489145288258
973;1402.2145051425687;16.346805128655717
1664;1405.810940909247;4.496415179809288
1873;1407.6639967721649;1.4560586141630973
1305;1408.4188051926742;6.363399653318903
221;1411.2077643504385;7.953277468972257
1462;1413.4287555769893;13.972898463938167
1553;1415.7132207422187;16.27779747406999
1075;1416.9324117488436;8.841867890682146
1123;1417.7703921579498;17.70515494213933
1148;1424.499992919619;4.569207634640156
1425;1425.3776905892944;8.795252220018885
850;1429.4949518382932;10.70152218112112
864;1429.755488444113;18.365767022989356
1300;1430.2452701360835;16.506382544901147
1252;1430.531491103646;18.96284888881489
1231;1434.4875760955142;16.40100322518412
77;1434.645884043857;5.95638579829264
648;1435.7513294630935;8.49743329321192
935;1436.3193478433034;16.99586073818906
1868;1436.5981106593758;10.612684849953954
1519;1438.4484779039844;19.617120663153315
1970;1439.003192877924;7.255877618124334
90;1443.6145023320266;9.852556538846532
1028;1444.7754313067837;8.454130501294564
1489;1446.923032022682;19.195025881840856
638;1452.8947617005515;14.76573737381954
449;1454.6337457384889;11.163178574702423
191;1455.5675907695809;4.268823809554337
295;1457.0422414910586;5.116799667039439
1055;1458.9845347456564;9.267181362697523
1378;1460.5772409043686;18.79433608884756
1615;1461.7048808689967;9.539029011803429
328;1465.267325911421;3.649596540521679
1068;1465.739033018615;10.977435803632035
1685;1466.236395480816;7.135307525351825
1816;1468.0333827617733;9.565577470080564
1611;1469.041040589558;6.51061521337635
665;1472.437858539133;1.2811557775076987
1531;1474.6819514240813;11.842734961194076
1014;1476.8936774178862;12.56424594361135
1990;1477.8292587086187;14.581074620630194
1907;1478.3561040936524;7.00324412998761
1555;1479.4347893240672;4.765554477777544
132;1480.6939833448605;13.726342766014037
1755;1481.3959929326302;11.601870646931893
1326;1486.3165789560514;5.127596312433372
636;1489.7098705730505;5.372826033864277
1598;1490.5610890285334;18.23941592247169
1917;1492.3805713534698;9.277789594436713
48;1492.4214032375512;11.21559575562052
787;1493.2164833352829;16.378985191953717
1950;1495.8852232285728;4.372892645708259
633;1496.6618637933916;5.640755192569191
1661;1497.92032922619;6.146595876340587
890;1498.8791977054666;12.654925714993576
13;1498.9288396280601;17.7442103443858
839;1501.8943483313399;6.854969046993477
543;1502.6748832276573;16.777494930373134
1643;1502.9170150037396;6.679998274036604
1878;1506.838823043993;5.479422869944325
1716;1509.2011049158218;1.757496444498992
729;1513.7775807313692;4.842427480475095
492;1519.2440496460083;15.034328851906112
594;1522.575496378863;1.024055056121715
1200;1522.630867681818;8.310225018897299
1682;1524.9800997481748;7.838497313766492
1824;1525.616397044287;6.465809123453442
815;1527.3560996414208;18.060064992186305
1609;1538.1814657152436;15.485626466976326
45;1538.306424198267;11.44362816578231
69;1538.5219671004838;2.730959644451954
551;1543.468354781314;2.5951472138727834
356;1546.9375133134297;6.265712068932124
1100;1547.8568532866225;12.13758053481823
1312;1548.315069300571;17.234451008623758
41;1549.4488650461733;2.902028321402005
173;1549.496834822651;19.32102716206145
1282;1555.27244311548;10.463255377228165
549;1557.407413470363;17.629309982381603
28;1557.5289391966446;5.18414055169553
1898;1558.2905013443353;17.017850310925294
763;1558.4087073042358;17.724857544525165
94;1558.9075420585395;9.118915743662214
717;1559.3261368815593;1.0934926089213732
406;1562.299459614368;19.837317339632754
270;1563.1512881475237;18.858750062888404
1894;1563.6804862942893;8.698381909821048
243;1564.558310417867;14.972851861347866
546;1569.549923807761;10.477092841936983
1631;1583.5749986324338;16.61256231726734
34;1583.7696535259324;18.988459269637882
1059;1586.5429395718525;6.31370457363105
244;1587.4125130099578;7.826800411572231
1955;1588.6602090016615;2.7605301075681705
1298;1588.71861188876;3.50788150005137
770;1589.0315638898487;4.336859525770728
818;1592.2108261419958;15.00510147397494
1966;1594.8090461191857;2.891048721147998
1353;1598.968099398402;13.246515831694591
1983;1603.2328748726459;9.567099143202379
1228;1608.7252068428588;1.253270263845502
372;1612.4922877973606;9.275240763557488
807;1613.558392933153;14.764693481177703
36;1614.1220521440118;12.877567892437916
388;1617.5628134527776;9.467394881346392
1404;1618.0519578910962;18.612923368210087
297;1619.290172089681;1.5366752402639159
587;1623.735031204516;5.009159023429842
854;1626.0667776363102;16.008481737062255
1112;1627.1892089274231;7.396486174884107
1234;1627.4169170708199;3.167406950713146
60;1628.5301667261217;12.977318976082213
1431;1629.2428491365908;19.749395042379565
59;1630.3475735482818;15.551350035576245
1364;1632.2342249609658;2.5460102133300775
1637;1633.5491671026123;3.415480331358804
1515;1635.1186880769142;1.4983321507445053
254;1636.2871667962143;19.73820633230451
745;1637.4821786872023;6.147226106223308
1027;1637.843078102297;13.98842226614716
18;1641.3683209632657;5.473591982102898
1427;1643.2004913000326;19.379715224562673
790;1644.3601426919004;16.75073249440932
1750;1645.236389547122;2.479763230949754
662;1646.5297132502228;5.996596117571194
1875;1647.3540873056472;3.6945100179987413
575;1647.8865055587955;14.123005766849206
1522;1648.4008564059109;11.644550760526013
759;1649.4153077421097;2.7935559145938473
1206;1655.5235665009266;8.828706976995718
1062;1656.0823130756644;12.995783261033983
1858;1656.1509026926344;15.409290146293554
1565;1659.7053656540213;13.362276304852838
1428;1659.7513371751802;12.237051274683285
1419;1664.3158697612764;10.332327455608432
316;1665.9211400786814;13.790352777165436
1752;1667.6174856442954;7.923628498625406
1222;1670.2219901571546;3.276509632248235
35;1673.5543867753481;1.343712386521889
1141;1681.9137880340586;6.726249565982718
329;1682.5252723227388;19.536930490287716
928;1683.0216222525373;16.694847442565973
1197;1683.6309579733772;17.11996174139613
1679;1684.3435440470107;7.026760650479097
982;1689.1076074448329;10.59260323471075
750;1690.091476341456;3.496911884142819
521;1690.8117199558912;15.346363202059708
1666;1692.953041798424;14.87286390328482
693;1697.6112480436452;4.920569260904909
1673;1697.778290059014;9.32793579373407
336;1698.4106826205514;14.880246482206577
774;1703.1837545296921;5.376735214283792
162;1703.2910713809013;16.435790244018854
1725;1703.7788597226986;4.590340989518462
756;1706.9104532819233;15.986366530660344
695;1707.7052371884747;17.25424379283232
1594;1710.3251670291456;14.859633722710317
1402;1713.5632343559166;15.153392501142372
1980;1714.7887888309765;18.60426733582809
452;1717.4405160982171;19.467762005530208
231;1724.1875172993869;13.522087402800754
140;1725.8649520232264;3.72390857867544
260;1727.2340549162996;12.843274623157388
1982;1727.948346637651;7.999024027761902
1774;1734.2612454680182;12.965001010282021
1830;1739.6071172862771;8.160956443356017
345;1740.8086382344543;14.123070281977547
165;1741.8385007081922;13.543223414133601
448;1743.8705887525339;15.321946532295835
1493;1748.7808149705177;8.05304018353084
1304;1750.8592825945702;12.460108525359693
692;1755.927701484659;17.425169951383
1505;1757.980812145666;18.982589528180103
859;1760.11956691485;17.31934224423128
195;1762.6450103696059;10.146088996782247
900;1762.8504937555688;6.776660272165369
497;1766.0927746693842;7.711295846345075
1388;1768.8726561010096;14.881362272951655
1345;1769.5858508016288;6.494120992385085
702;1773.2663347578164;5.914640633675473
1788;1777.237565793524;15.424870193164134
1263;1778.454923743786;4.244968394178224
469;1781.2446985595982;17.091609051317644
577;1781.98284370523;17.59683068107413
67;1783.820834118728;6.25742061246905
1847;1789.938619229047;19.88069915660991
1047;1791.0958806052276;10.875653359929366
1688;1792.0029414973098;7.636918177824887
1782;1793.6612034584728;2.0114914734457967
530;1796.4026083700953;11.899107030846622
1169;1796.493170359733;10.250750319552667
823;1797.6207233555922;5.8262459996882825
1901;1797.6783388708614;13.744242830257225
1468;1799.6630667037568;17.90643383744532
1447;1801.515838916663;18.661786490878786
1006;1802.153430626686;12.6262363233085
7;1803.8186549766156;12.093120644697416
1874;1804.5052532878287;4.601895016297428
1122;1807.355417718432;8.3354692256293
4;1807.8541738457595;2.496895446901014
1897;1808.2086151597343;2.384185182121498
1087;1809.8505452111835;16.88307378614531
664;1812.6059291932952;4.0879974749568895
828;1814.9539624773045;10.046788784875682
732;1816.1663045720848;10.4446019701142
1721;1816.4729088547128;13.946201367641152
1987;1820.4708038384695;17.289658832443223
349;1823.5040674811166;14.46264132946338
179;1824.223685981309;8.645445911280255
1883;1826.2311618103602;15.36034901293815
557;1827.3710681724328;17.692733099643416
686;1829.840235666543;8.608510175418392
93;1830.146808987424;8.79639650979573
746;1830.4973383474319;5.4324836674717725
413;1830.5527225827207;11.769554853156649
185;1833.8753521128963;3.2046894504080985
1968;1833.9967826759355;10.753557395604155
468;1834.8781183513515;1.946119917835754
1811;1838.1991071826726;5.29173760925886
447;1839.41685651032;19.19906308081679
1352;1842.7006456984263;7.339129068200067
1219;1842.905829479532;10.329270106614743
91;1850.5624333176627;8.302306268330355
1627;1855.2826861935994;1.733058798582765
1180;1855.5098986190828;12.384108323151354
461;1856.3483472919545;5.520235403313421
1370;1857.2368121209881;19.8596705663744
1056;1858.9219684234477;16.59297748894611
1320;1860.3759219705858;17.77856627840802
522;1860.615365838422;8.424615545760457
1526;1866.2716407401135;4.1685861212790325
1972;1867.32512797348;7.636693655562367
474;1868.1642967810212;2.9458481647685044
723;1872.391810669418;19.345416275002034
1296;1874.3193342399013;4.699646120079189
429;1875.1996570507872;14.812241742493278
1439;1875.6276687106279;2.206912400550265
1045;1875.6557173000904;14.258000230106088
519;1877.3605158556682;9.599762840764473
1991;1882.4464544840405;19.025661586171726
1636;1884.9538210460717;15.167164986706638
66;1887.6453029175873;19.358803161328275
1224;1888.0040736533697;18.864600392014264
360;1888.6122159912834;5.381679891145211
1080;1888.8186396032022;3.827051903646104
819;1889.9380962241323;8.913874353554341
1589;1890.0941206067944;8.926788052544378
317;1891.8550928835573;12.574742303462267
511;1892.4558845074596;2.598219666590089
396;1896.699850309389;17.035018972157754
43;1898.759292710203;15.963770916306755
901;1900.7333759159517;19.38717887056273
1672;1908.7427700686223;7.608396038714618
1297;1908.8293030764457;8.87405890800867
867;1908.990092402172;2.9999370174892497
1382;1909.6959283895899;17.295766916591806
1347;1913.2680314577692;16.33800286788419
610;1914.223797608013;4.221220987305024
1711;1915.720161807448;8.665527365592883
1166;1916.0240737752802;13.14468866704924
1744;1916.391749613146;18.145903673457504
1273;1916.9912194219057;3.4660096265652878
753;1917.5308986014588;5.143291560991276
1870;1927.016567992964;10.818005795918047
11;1929.9035395980309;12.571642778159285
811;1931.0597099999077;17.800265217364736
155;1934.622083598952;7.579365556773216
65;1942.7587382284592;12.311698267068476
1683;1947.1686834168117;13.836419929890583
768;1948.7589657206781;12.146135805637465
1258;1949.0659399483027;7.924827513062972
129;1949.5313744058576;16.809992565261275
1921;1951.439590492806;3.3982755836588683
772;1951.800960233212;17.778122863840196
1625;1951.967076520894;7.700198231932582
112;1952.4239243606708;10.228642124268513
414;1952.7905683911592;18.19450048676465
1740;1953.1285769573153;13.235209157160009
216;1954.4834841133886;13.222093020593785
981;1956.7430238972374;16.189058256784037
1025;1957.6249800170156;9.515977138197789
1201;1957.827364652381;3.9709922693110125
506;1961.2584914150248;8.056203447308803
1527;1962.7941030439335;1.8882222372354924
738;1964.5412213364168;17.47442310780261
1634;1965.2003032439861;15.712017437136316
773;1968.0409742281133;6.677874962411303
743;1968.4714945422863;2.89485924534591
377;1968.569071314785;5.565105251472477
703;1970.9265827247816;1.6959882409185336
1498;1973.0730626282705;6.103348741006036
200;1978.1274034301557;5.402834804748946
420;1979.5962833795156;2.3570450400155023
354;1980.6989159656166;4.871963634523505
1012;1981.7123047636026;1.1505113100398592
247;1982.5897071772054;11.728966660083142
95;1982.7844395195757;3.3616140109048462
1927;1983.427321520259;16.628121584269877
1908;1984.7703307087972;15.175709661256716
184;1985.6343381846439;9.806629260954006
283;1988.4608562403587;9.915589105071495
1891;1989.3874594617084;5.5335746538582
1787;1990.5865538516898;8.454303777030301
1639;1993.0749610576665;15.26051386682591
1011;1995.4379665177069;17.256704882063836
1005;1995.8228108487642;13.661171380101655
911;1996.5492323195474;7.366788700172109
25;1997.9273249358719;19.994749651627746
1919;1998.8804962487732;13.480159813852701
1344;2003.1525048153535;19.845815637077465
1131;2004.1576228057108;16.622896495108083
1906;2004.6328225780835;17.2272849120173
1167;2009.4746683879503;17.552648662847993
740;2013.6292805214396;14.548524189012111
1575;2016.685494660899;6.135533419912335
1081;2018.64216232957;6.605796254164536
275;2022.0903140469898;8.018682641473438
1244;2023.3513499853802;3.0003724709555133
19;2026.9208283115324;4.846404509539012
1313;2026.9866768175204;15.542049344433597
1089;2027.5572554694054;19.202298719147837
1699;2028.88131975443;10.537149214057214
996;2029.0295066324452;17.75459979781294
931;2030.5365698433584;6.831770109454214
472;2030.6184234566385;12.654316096995506
625;2031.275963096172;15.664352319365676
1585;2032.2627212107727;13.473259344590295
776;2035.449227206404;15.874579683287127
1443;2036.972857657184;13.42957859028804
319;2037.8310207780132;12.279018629820513
922;2038.3454447320737;2.527202308065043
1714;2045.5310544146664;5.056398981184541
1762;2048.862343820989;11.856156460329686
986;2058.810775780249;11.409904136018847
1163;2059.7991775793425;15.311735208153461
1410;2067.493777423221;3.1876912941204747
914;2069.9092773168322;1.3248838921261217
37;2071.3088598094796;9.692550498563474
796;2071.814062303466;7.894703172169513
486;2072.146218675288;18.61795832532062
965;2072.7970745013704;4.80762107040124
1408;2073.8973604082366;14.335049166068513
1227;2076.867016745542;9.845622620355872
1455;2078.1347748958137;17.667595758628543
393;2078.463700920141;15.791036872843641
1568;2078.6705444867303;12.701623229958237
601;2079.65253617415;3.7612170429905687
1367;2079.8166192363256;1.594582444891477
177;2080.963321118248;3.3519696775626944
1188;2087.8828147461463;16.52880901040131
1472;2089.2306221946887;18.46678888395784
153;2092.9875360399465;9.848886433566864
327;2093.742194396371;6.204675067416993
1473;2095.8493112200485;13.388034989239701
75;2102.565972660556;2.4504744852843015
1397;2104.3383725602507;6.969348516670561
301;2105.37875236498;9.96395190744713
227;2109.7456080388633;10.838448931051847
1910;2112.2308205308914;11.551754522197589
913;2113.171427677318;6.497157513431824
730;2114.0247543283303;11.985510186066609
253;2118.0627784505177;11.428439313710797
780;2120.108251496935;8.98080573659021
1644;2123.224958574397;2.564969825440244
1267;2125.5900289721035;19.299796911932265
1761;2125.987524183817;1.7492184196411504
1471;2128.921963351798;6.171866816056807
1628;2130.518661372379;6.284535900451043
1724;2130.9075171913496;9.54089340928472
1191;2132.3832080313814;2.31011215719596
958;2141.1357686241445;4.267875436761568
397;2144.052812899366;1.9471635741438242
485;2144.188295390762;8.776045045114028
1768;2144.429119978116;8.072619674292973
1823;2144.877274668936;16.280486672263063
1063;2150.8559824918993;13.70817277681485
230;2151.26043713275;12.205885452460473
308;2152.481535899924;13.213428908325234
988;2152.9601283231004;18.958378091812698
1941;2153.3463988321287;12.844364290675491
1532;2153.4386425555513;18.424958229144156
151;2157.034695215158;14.964642382298264
1111;2166.559349762909;10.95221678781278
536;2167.1009560211496;18.37607583479633
1060;2174.6171642220347;13.76623179774535
970;2175.5871397429955;2.139181691486211
1276;2177.790763701831;8.34763457139223
691;2178.5891420458574;15.972173408319104
724;2178.5990547645742;11.369324144497117
826;2180.6882646190875;4.021438801771053
735;2180.776688687989;19.32465179667957
924;2188.126962625291;9.002847495377672
1363;2192.0651228710567;7.593146845281742
1794;2193.7135542499846;5.586034540369242
462;2194.0360880645885;5.687938233468705
21;2195.326608231723;19.87502539930672
97;2197.097492750412;1.404170839960652
92;2202.5152769095494;8.701732453398787
1603;2206.1678450536697;14.56237003810618
1669;2211.0344709211454;3.011916449202372
1113;2219.2892844458606;5.307656212279111
73;2222.0119631585703;11.41491551408984
1072;2224.69169073922;19.89749272725881
134;2230.2208061936158;16.32404209946469
556;2231.407378209783;15.881005814683201
1520;2233.1650539583557;17.24047563187623
1037;2234.108923911771;10.728937312733164
612;2240.0692558372066;19.400884108521524
1801;2240.424178504464;10.37852893962373
538;2244.1433548602968;5.063362023011098
124;2244.2358950785483;5.725115805220445
805;2244.527998351016;3.376257845038796
470;2246.1767453471784;13.43370331761755
1137;2249.282272097848;2.953170714704158
877;2249.6418342477746;10.039483399835463
801;2252.308457173608;3.77929306927268
337;2254.038537837749;16.533039718906213
1930;2255.766587899739;2.1855188919429342
978;2256.3961234873736;12.229311080339773
674;2259.040277413249;11.735786358017881
1536;2266.0680697193934;5.833117422172696
1071;2268.849786716554;15.994385918830135
781;2268.8856506256834;15.42141349310918
1681;2269.881832460806;12.09457521080616
1535;2271.5061411865127;6.878549193074134
580;2273.9962816567963;6.8199780030279085
1964;2278.701233675185;4.589272605428569
569;2279.6125046026827;11.444787820238462
563;2285.6505290619457;3.2769718668417496
510;2289.1225609399553;6.294831624910117
1832;2289.2512450702793;12.123698951044252
647;2290.152794764572;2.3866657927459496
147;2293.8909139682123;13.207451090016757
481;2295.568479205381;19.89070406872859
299;2296.4693547742863;16.296571759243797
1869;2297.1709862898574;9.69887080754532
1817;2297.2094037332395;17.498677721568022
1139;2298.2748225272812;2.202812840207583
621;2301.5235606352053;16.810755406859595
332;2304.5966684774176;2.597783694037775
1630;2308.795053545451;5.845499103204963
1674;2309.142292382343;2.783847348411317
369;2317.372885114042;3.3351142442963715
1902;2320.7545623409674;18.326476329135943
708;2320.796989328966;16.531165839429992
1757;2321.8541822061743;18.705080692025398
1067;2322.889919260803;3.227041897967898
863;2323.5732804607383;1.8880630069591176
1458;2327.0632135232077;9.11122506552342
241;2327.6926429913624;10.541975871640387
1422;2330.4469919246353;15.348753586664985
1808;2333.7295486513935;3.554974194590426
1214;2336.1602385859783;8.752499949757315
1457;2336.3070857895336;5.786192600209065
197;2337.104110726299;2.338543742355661
761;2338.6191903910467;1.9159609378014792
1984;2341.069515498649;2.736183290227557
480;2343.3174939648648;12.33227619132808
430;2346.0241018849692;7.807208177515169
1125;2346.204713505662;18.655008286960538
333;2346.790390551386;1.7927874414082279
1798;2348.026509800641;9.402250951158177
682;2352.901515785192;5.2486624217672935
463;2354.3418825261438;11.523406546382525
874;2356.228890442472;12.905962241811318
582;2356.473578601781;11.260821844396782
509;2357.1998625601836;15.747687969597855
1142;2362.7488245387535;1.6714662390796897
533;2366.8812579406795;19.69352474427642
964;2369.432277668714;2.663823679783884
1516;2369.674606948558;1.3623065863603419
1373;2369.8365432016562;14.987296054663773
1918;2370.3837174343;15.947029093022174
149;2373.3333124526944;1.7165832727609294
1732;2373.61947464169;7.158562391881581
899;2373.7371236998106;10.224753920689993
627;2374.703560229699;2.948735025213432
441;2376.381766929817;3.692870976777315
1275;2378.633634432516;15.561229460012688
475;2383.6055070872044;17.37371236936609
906;2383.7002253516102;11.859255227964388
1484;2386.5515346505154;17.90730386394846
681;2391.5230352558156;14.307204186698565
1204;2391.7914229633698;5.784677590878415
131;2391.9204618450003;9.40906222239798
1563;2392.2208930755523;1.7999286364101965
868;2392.9906633910095;10.372411225656485
1154;2393.2663673270577;2.8220319767389173
455;2402.6195825839504;10.54982962660017
1660;2407.7402623456373;5.155487725049067
487;2409.007445326923;7.23131729373576
518;2409.096525475895;13.255113827097023
83;2412.318271631644;7.4212530690714305
321;2414.224685299824;3.209335084383469
1812;2414.7923127308477;6.0698814892703306
1583;2417.509835382748;13.48766586708458
1440;2418.451839719889;2.563004282965088
1107;2418.63472435121;19.27038917317886
1181;2421.0009064439537;3.338169755991232
657;2421.4630418526795;8.934436422520072
1161;2421.937419974317;3.437753281931281
1676;2422.60282578531;17.246088322468683
836;2423.47332640999;11.31460598350077
614;2423.875717090015;6.894817612546201
583;2424.720880651994;6.554598811418015
1358;2429.9943070579843;17.829201943855512
891;2433.1213197490456;15.22859402058262
1257;2437.3464375307435;18.20148466380695
1287;2443.678270131944;5.27588501050263
517;2445.0681066700636;19.935126111598276
2000;2445.796019263072;2.5383544526052826
736;2447.196899631143;11.576773076040837
1763;2448.1801831592584;16.37446660437613
392;2449.7043941242982;3.465504875422115
689;2456.0056021914043;15.867180371709763
656;2458.5811597028355;10.11004044194636
1265;2463.9458816842703;17.124290670594103
1078;2464.416125195082;1.1115427764666155
1031;2465.11693491859;5.20814063001746
1368;2465.438928283596;9.560396640373522
239;2468.3380383132067;9.800152795359848
1256;2473.4543467132253;19.625229437585205
672;2474.0422436179897;5.793381644085342
279;2477.576351017533;19.932201922679578
1739;2481.1707198012837;7.542235368941978
51;2482.3202591701133;17.62999669592816
1502;2486.545855604939;2.245586055339027
550;2486.785383659174;19.72107892590042
74;2487.045668599499;8.335780110912992
1831;2492.51189708707;8.561930966290081
832;2493.8095629397617;14.60652196951134
1648;2494.6909849511985;15.81310877300884
1346;2497.009418663515;18.22630377916781
728;2498.4645127966337;8.257468563118863
1405;2501.4319874998614;19.719595492447873
1251;2502.940604410363;12.116737562623124
1576;2504.473994269404;2.9022512571838908
207;2505.1160912907176;3.3760906567411593
1962;2506.1164662843635;13.46307584645249
1517;2507.745887778243;15.53974686923355
1751;2507.8937965557793;1.2058786298140731
1998;2513.476880425535;1.6276433119053122
1435;2515.0492888288964;18.545067787051895
126;2515.766885221249;12.000363590631336
258;2519.4524656295202;14.455067300759602
1223;2531.289508357821;18.123419164003185
940;2533.529851997198;8.92898210246378
1677;2534.6241143764073;1.821900405389116
163;2539.725473262492;18.12479962561195
1327;2540.9180815056334;18.97543473461147
1572;2541.7132443019127;1.2291176911351382
722;2542.5308664481117;7.679278811625594
1822;2547.967662409557;13.493743443374678
602;2548.4606103261995;17.593483121738004
843;2548.8423204153196;9.60736742732854
235;2550.101156437679;15.582426353078215
183;2551.176508503193;9.805206138697688
1597;2557.911731057632;9.253691448420737
1544;2557.927361658432;1.6613933744498508
902;2562.721562706586;1.7213606535284633
1574;2563.0703073793957;16.729446658010755
642;2563.539134245542;8.410958466919261
771;2566.129789607885;9.519006397789498
858;2567.4806255913527;1.7270594160873016
168;2568.1173682409185;2.325785402614214
1969;2568.119564633451;10.665739749139606
1486;2568.2629479468765;18.655247808556368
116;2570.095944761275;4.343701756618247
1017;2572.9499170302147;2.019364556608129
1862;2574.6198439111818;8.484869799588981
777;2576.4211589101806;15.142036644234807
1623;2578.9160925572373;12.598016634857766
660;2580.0774511927048;6.0037323115708565
972;2580.8967483539104;15.191025836145894
706;2582.638297067598;1.6264902048804588
443;2582.801528471577;1.4127580256414027
225;2582.941874770505;17.596566507960038
1882;2583.1608754151634;17.31975109998983
1657;2591.5679044098783;4.420231558694876
1242;2592.4103884784745;2.176279533092754
251;2595.1275882589107;2.3392241549934436
1332;2595.53505222406;1.2547924907629633
943;2596.7943032073194;6.992501690792326
542;2599.4901318153466;16.780706976556523
1173;2600.5414983662877;9.42627784570099
1789;2602.73506215634;8.53976550783243
70;2602.932600885307;17.01218891517267
576;2604.3469783139194;13.900026544792295
1172;2606.649292144871;8.329784507332754
948;2606.8571651238085;15.612311261415194
348;2611.191794499456;3.3592869469837217
1097;2611.99989575469;4.17619912413412
1229;2614.4027221047018;19.424940991013994
1082;2615.241241064859;7.872930996914441
1164;2617.6210525364136;11.398904762734938
513;2620.1769409751023;19.18818457779714
967;2623.569403473177;8.46448679296252
175;2627.2615138105925;19.488062620232196
115;2628.8618898783952;2.65055694684731
167;2629.2662289764285;7.661992595406437
1619;2634.522503109575;3.9570137887404164
8;2640.0743413361743;10.701662266814052
1099;2640.5791531636605;4.634182333590557
1547;2646.2533609555826;16.5492792117249
1956;2646.3785692656197;16.81199154896042
1342;2651.0698234817705;13.982624404500125
1299;2653.6513903197797;8.637038886489918
1278;2662.1983410870994;13.65977875418129
1946;2663.4089810960227;4.638434342142071
201;2663.8040051329294;6.705134433353428
685;2664.3177533332187;16.3032044204826
939;2668.368114893046;4.224806948711608
1856;2674.145589874746;5.178132377210178
236;2674.6860419904883;18.300342219478047
1771;2678.9012691109247;6.859605403973085
206;2679.631030361521;6.250675147751705
606;2680.336028292999;9.404033299775115
871;2680.5874799541025;9.007684791595896
1268;2687.827636733183;15.453495594595543
118;2694.244339695905;17.60522442531017
936;2694.320454480045;16.512558602383482
1143;2696.8745466834994;11.765457474226393
1506;2699.0291982704657;10.694258224794268
1994;2699.9089975939505;5.668868312497719
1717;2703.3078855379517;18.44515796738916
1165;2703.7952956920744;3.945443535813313
477;2706.0309063184486;15.397405197824693
1863;2706.0312071154144;6.744292931201308
690;2712.572443454737;19.557342873552823
1478;2713.061489570485;16.691735132798136
1247;2713.684659678383;14.366639419669937
1294;2713.731609031721;14.638012222065555
1562;2714.445279501318;8.986607455580994
1185;2717.8678634155635;19.39817742830276
1838;2718.0983852276627;2.9382884629557946
1217;2719.097764576515;17.951663947283
88;2722.9562283998816;5.999925815415727
1261;2724.6646380441;10.666673391707231
1640;2726.1911075147445;13.341559901235325
1308;2729.3632433714015;3.210003269334638
813;2730.1398725836025;10.203815688424267
1488;2730.304402435268;8.486536687143989
624;2733.3235044317753;5.497882218935061
1433;2739.9127595182513;15.964965971994996
1989;2740.2788671844924;4.4451370096894784
1654;2742.6336902130993;8.437511956835833
291;2742.967432247255;11.936641178817574
228;2743.5500034431834;15.599504460381278
1924;2744.0641102914587;13.089657426236267
604;2745.2405282883524;5.9973992312810855
804;2759.9367155708933;13.941808386687162
341;2764.0457324320296;15.439312713634667
58;2770.5223107323136;3.6734762235114804
726;2773.8416231015826;14.259890711554144
104;2776.2322365426694;6.1453239354018665
938;2776.2556809977004;1.2162776269026963
737;2783.9830920758086;3.4537205020276724
491;2785.281049452061;11.329719370855116
1958;2785.709254263251;6.979348973735171
1920;2793.635991539741;9.808797387367083
1702;2793.8759929564267;13.665772209871145
1241;2795.370741701202;16.766128041342572
127;2796.9302664729444;6.537092933973963
144;2802.4526518532243;17.702316180699256
1132;2806.1569176352864;8.469436000094095
1719;2806.8099812477476;2.6739308765203096
85;2808.0535654539535;18.35131523001804
1381;2814.025890107665;11.21871947309382
634;2814.148394907271;11.78474992270454
950;2814.5777328173785;14.060082919222134
1393;2814.8370259898634;12.901382730431415
1947;2816.1857089768114;17.07768439664572
822;2817.0696316096764;6.39731496727928
1658;2817.1730233230237;19.81970803485161
1451;2817.366569974807;11.93001649157558
1371;2823.098162883614;7.846257571427186
857;2828.7350657112142;19.94156370789114
1900;2829.0776927790275;12.15736255703475
3;2830.468734203625;19.235092641309578
1387;2833.0628342139566;14.56808693756516
1101;2834.995386304349;14.934514939741847
373;2836.867844408013;6.59132704894042
1216;2836.8730682482997;18.245305715211998
701;2837.088860537854;3.519281917759031
1277;2839.772792203135;11.13448796483493
562;2841.98268737557;13.657896630362764
1973;2846.1097881168253;12.266348261448904
49;2852.2468985840155;1.0937616897368345
1236;2855.9745102268093;3.109227940911438
1756;2857.9026055449185;12.382060138087077
399;2857.907570165752;11.585893702807379
306;2859.673607188767;14.496689697111982
1179;2859.761374211285;3.264013152869942
390;2862.5888754628504;9.234541582786411
1829;2864.0887765695024;2.6801100466427137
1992;2871.7185799602953;17.648031907304972
504;2874.0560880859152;2.400784438834651
1421;2874.6849554269425;1.5597879568095978
766;2885.9894204526026;1.2209728882104542
955;2887.9178807652956;18.447518178949032
1146;2889.600053799383;11.936750795957025
987;2890.4315353844936;7.320643080188306
403;2892.183964263312;19.280713003403896
709;2895.8464022355524;7.874356710341622
1279;2898.281282340295;11.59383919207541
1582;2900.67504167824;5.464678039115888
109;2901.693589086463;18.798976825852492
1076;2903.5693118771596;1.5960307612604543
209;2904.7828141975933;4.526659809557578
205;2908.351558687042;6.996795035183093
422;2908.3914565783916;11.819213694955334
998;2910.473174920997;7.976341458890097
44;2910.5660473313023;12.066121801045128
639;2921.874516340933;4.048226794979243
352;2927.145613175896;5.272138672793572
1029;2929.3378326148177;17.588792654454632
412;2931.2758520818675;16.734798704760465
849;2934.640101534706;15.463438188237616
433;2935.146039751988;4.454216933616905
1272;2943.230535329998;1.530869242068324
1662;2943.8176333588503;16.22789073389641
55;2944.1138647344874;9.29532280374014
1709;2944.817546387766;14.000618095972348
713;2945.658017692711;12.062235964517415
439;2950.3202904210775;18.43689415547592
1559;2958.7202012769685;19.952548649417135
203;2960.0418448837104;9.00342017946894
741;2960.641006597031;13.267229899660311
994;2961.565122746436;11.080374360864724
1130;2963.476831752538;16.1407327000478
1341;2963.567782562046;2.6295391786355102
1149;2966.0511180455073;8.74162339404169
502;2968.0909213807467;14.581244075867247
1314;2970.9499803854105;16.174867923739328
553;2973.055766398052;18.70530472757695
1513;2974.058358121364;13.211255768118376
946;2975.2985150072845;16.473647747156857
731;2979.301313584652;12.140874994922006
1579;2987.2412401600036;9.358157245442179
799;2988.325121367466;3.523189894822765
442;2991.6766294955664;11.048867106762469
526;2994.160632927501;15.926155112375643
105;2996.8907090407924;19.603946001057576
456;3005.043481530747;9.04528246797782
812;3011.780224038385;3.75836762348115
53;3012.1323065058714;10.200622881220161
545;3013.1403856377888;13.686700986331893
1501;3020.1365072708536;13.08985062638759
1784;3022.0433229271175;1.556277170344398
1649;3031.8647060165904;10.778466137042242
1264;3033.7896658722193;1.1915848900706367
1571;3034.7749090398124;5.9420603893781045
154;3035.001239066848;14.724292458224326
808;3041.8624203122417;8.807087849656835
933;3048.5302297294215;2.6072860410594343
925;3048.6929018205046;5.827561345328975
837;3051.607640572457;6.416763812505592
409;3053.479868900406;6.833299467047744
1557;3054.574375677724;11.92966371228987
1753;3054.6028345893114;12.63103163303336
917;3065.525918609743;10.531591143406274
1697;3066.9332213994117;2.919933088706475
467;3067.0355795332553;18.633376135800837
325;3067.536362615564;4.5789502610807995
852;3068.18649007939;2.8823723323129675
1098;3071.383613755961;10.381572748609512
963;3071.538837487482;12.45220855130245
1845;3074.606496883324;1.486747512879512
603;3074.6567482634605;16.51620610492738
663;3075.4891576032473;8.902985739542974
1556;3077.7612988154647;6.062156866504621
873;3078.6183088870025;17.33273804322754
1701;3078.9949185740984;17.96977953783127
1656;3080.711091920228;8.882089508139545
286;3081.7915777936723;3.374808432886982
1940;3083.6744704066405;17.347650812989702
1039;3085.6006838746202;6.050476727170945
915;3085.658997361655;11.948966691778661
974;3087.4765297516756;16.071493333603836
1632;3087.665841625463;12.449977111606776
182;3088.3353117541246;18.605346933360043
434;3090.4622118647562;7.390620110259321
758;3092.57772090921;17.506436333871708
579;3093.8624098414634;4.560774119379459
1965;3096.423530296957;9.739135901107726
101;3097.159205717144;18.701150228525613
523;3097.74913279548;3.935528181735439
1529;3098.465377185681;17.052336154803445
1621;3103.266869597144;7.393118781383222
23;3103.327411257346;18.171354872721718
1995;3107.2279455720623;7.7988809859486
1712;3107.554144651566;2.4952685170805737
312;3110.848066435675;12.107284698967126
1802;3112.373329570886;3.810622251885927
1022;3113.460339077507;3.7069964589823634
1937;3116.569873396637;1.6568460552639008
1769;3117.2770798317615;2.904012636184695
367;3117.86945013832;15.029943601099296
912;3118.2411493051222;4.055276232327277
1323;3120.0554656553786;5.764414560987799
1500;3122.9350527129254;5.740308011023465
1152;3123.7046827090253;11.815536269765882
61;3125.6213287378646;2.1486578856138996
668;3127.8808245997016;9.751537747384633
1552;3128.8306115645605;15.640531348432889
619;3130.230414873046;14.858580903689418
1235;3130.8078502501608;13.141124487469233
855;3131.034403853275;15.266224114263444
650;3132.8132789404704;2.6995824239978767
548;3140.4864233328885;12.681903557247546
1269;3141.7978017319133;2.3798230666573437
1362;3141.9226369917733;7.78293975343685
872;3141.9823842432347;16.875086254269362
1888;3143.249649037074;14.356835230158472
1877;3143.869494529293;19.210245697879547
1777;3145.176809169367;7.506732937571799
809;3146.38079391255;3.1630500180587156
320;3146.9743385180427;10.287746765125538
515;3147.147250697699;18.081067665202745
971;3148.2794701947405;19.53257838857269
889;3150.3060577833044;3.354378972547685
793;3150.3874152088188;13.443539552284815
1309;3151.72026497208;7.326487209076186
498;3153.1183176107556;12.619251576679648
1073;3156.4158796324277;18.476030603748686
1129;3162.9162046286374;19.354337351953266
1117;3165.865913669013;17.922404631380612
876;3166.682451559317;1.228024573608052
423;3168.3447680971854;3.210764060137916
1009;3170.6791874228998;13.309278972686046
148;3171.219148350828;6.554612537273743
1626;3172.0196029945055;4.69599236810686
677;3174.1833400487617;2.541123525722631
716;3174.938651969384;14.575846685463606
875;3176.0256538161448;7.566800555583861
307;3180.006843081605;4.948242536134691
1804;3180.462698197926;7.706283549806511
1398;3182.4322238386453;19.526634312020278
314;3193.4999807767526;19.403208229300272
1429;3194.140272641086;9.980340776030179
415;3194.526624869653;13.7461163036755
1436;3202.2314886450145;18.28559452204168
1454;3205.9725474997776;13.894024951304075
999;3208.978621686278;2.198823405532735
381;3211.629334607286;8.174986780260468
1533;3213.054675343089;6.152755447866524
1680;3216.106454908086;10.064302029018545
1033;3216.75271371302;11.153642384978706
1961;3218.2289847857987;9.189264033982603
363;3219.2108224682324;12.817868073495218
765;3219.34320187214;12.212416382632528
645;3219.960666069193;1.4513264741216911
1979;3223.0620870930993;13.88830413264588
234;3224.31070825265;16.733576445926992
1836;3225.088147122027;6.771617425056904
1671;3229.482022836898;1.7896709165766334
186;3245.0800802710037;15.264611372816512
478;3246.081868786059;6.35019990321384
838;3246.8276849467043;1.3507461157020597
1077;3247.043834116861;17.6904995335961
1036;3254.103636272208;11.766587888688116
1860;3255.0882170607;9.165882319809276
640;3258.2376484568244;19.9406875728158
942;3258.4991043772065;11.343818210015801
1872;3260.5647946699523;8.62066698901551
748;3263.393964154406;11.96304307346016
465;3264.2985376822307;16.078156520697497
531;3264.9260803908187;10.087826925134575
1797;3265.794190164341;18.024614318744955
1504;3267.167846515;19.344695316618026
1742;3274.035069835342;13.248237934381661
1452;3275.603965297742;4.2115502149701305
1558;3276.9678520724383;11.938718243859906
1903;3277.3033004601343;17.442658710555175
949;3277.431353461477;12.17882158894094
298;3279.0768287390547;15.402226504929006
586;3279.2184127936694;19.045586673423546
1407;3279.3605278816094;14.732932988793172
1246;3279.8445105690607;19.4946893000778
1735;3286.8707939165497;11.611446699280012
1366;3287.7175225882256;9.057288072574426
1118;3292.4535702955727;5.5744828313978605
725;3294.1336405900993;14.36143178020992
1413;3295.1111662891453;19.531731649907115
1058;3296.7388179908417;9.009403054032491
323;3298.161204849684;18.849152141826952
1088;3298.5042250028882;6.990732157374824
1339;3298.7738367297734;10.96335638667868
1469;3299.1149214375014;11.863412715709675
1195;3299.751042909022;1.1492356813263287
170;3302.5479093346958;7.593817331877182
1049;3316.1037301099695;12.710113403829569
1668;3316.3298836756076;5.3973044934267405
1542;3316.4521088041042;3.3303784480068668
1976;3318.361208312113;14.903376209504945
1325;3318.9164816705324;15.950386670479702
1810;3320.069238743415;8.763316533200973
1503;3320.8390661138383;4.506262515843023
52;3323.740114052332;3.2630142024779563
885;3325.626517328471;4.639603898563673
1540;3326.194688726275;9.218747529604808
1786;3326.9393201059356;6.42314145313658
1048;3330.812786363417;14.501353330725447
560;3331.5219857902925;16.65763494750203
395;3331.7876570043572;5.218520315574796
1070;3333.7144686933507;15.644255911771928
853;3346.595061232937;17.03955359243869
605;3347.279871830148;10.77154549301985
653;3347.894676067885;5.9662922165048835
1728;3353.9697319751194;4.128842476810549
436;3355.2204154028163;15.903001804714162
1349;3361.807553590704;13.073441594916238
941;3362.195615434473;7.849066760944906
1001;3368.4028688751987;11.186033086028017
1913;3371.422396778958;6.909655033796156
584;3373.004778205349;1.5812680533575618
277;3375.275630710518;13.343281189457665
181;3375.5825862217307;6.336782030330348
590;3380.4283164696253;16.22205047481882
1412;3380.922428902535;9.201562567622654
789;3382.035718834064;18.926529597562926
1021;3384.1969785429797;18.08424801097077
1496;3384.618845409465;8.905376467810273
1239;3386.6548038899678;9.068858340731087
637;3389.664363482055;10.568112185443859
220;3394.7611738947066;12.685679091506257
158;3395.01839357217;11.68503744102902
1096;3397.5388541118878;10.911622242991607
78;3401.4784585862217;19.259083667261653
1779;3401.861436913936;19.044195585347264
161;3402.7933643285483;3.116444490114035
1411;3405.336750541812;15.75454955433829
394;3409.113783335797;15.095567119519286
827;3410.692830183919;14.557164070620749
1157;3414.419266268969;2.7311859673296794
431;3416.1604602376183;8.700917754595661
952;3416.175049877881;2.819881471295393
764;3417.217284815064;19.64953204315555
527;3423.6851185755463;16.896087308109614
1119;3424.230550202125;13.130876483550827
667;3424.388868341334;6.134550622560506
1184;3427.699671380604;18.24317894077225
810;3428.3823503498415;13.42641390807553
824;3429.027703044224;11.549875821507994
391;3429.404552234476;3.0376762531199444
1121;3430.740151714437;6.825900569889709
1591;3430.910682481214;16.165116713448228
1170;3431.059812202909;11.30720441678172
500;3431.7106741380594;14.409291343406453
1638;3432.136690828029;17.800996837877733
1466;3433.112782580277;7.186995732868102
1620;3433.6608736312746;16.82013219863291
514;3434.2807384349994;11.984544438650195
1008;3435.7431668248296;10.724528140449118
1310;3436.909114007898;11.78461780363585
886;3437.003828857081;12.609908412036356
1477;3438.129510064944;1.601344768217837
1151;3442.8598717913064;18.450007937500295
1348;3444.7671455277973;13.601432609083078
1978;3446.8808032544653;6.513990435154794
1399;3448.4970222784136;6.9765829804978035
1828;3451.2163651491537;4.018112618293559
539;3451.2775854556226;2.351253950744262
416;3459.9558637803007;12.164891752208822
76;3461.147017045094;13.836291629112678
1843;3465.801281777126;4.1660784948482785
264;3468.4980603599597;3.4857135767140184
464;3468.6003407554854;16.508002371395502
1003;3469.3570402380046;1.9635637958810492
24;3471.023135059847;12.637744269224934
866;3471.070741372744;8.969710097958668
1561;3474.281627396926;1.6202650046884466
1738;3474.292885993393;8.81689721489128
1765;3475.312425398789;10.390879483607216
1430;3476.538125795719;5.846213646428776
541;3477.245571465885;19.591555820455653
671;3478.991383181798;8.155006062124006
1018;3480.531783202518;11.209792986170386
581;3482.6161285159733;8.111966287142614
1215;3483.800201219967;11.574012494500186
1708;3484.236170029283;15.246965586876632
1698;3484.6105072649225;5.659856073850396
31;3486.5074084899443;16.879953931361477
687;3490.7753738784586;8.360558341190817
1202;3494.06534169966;17.320038553613067
1678;3500.1233151562014;5.221271907330025
1880;3502.0136212156667;18.61558825941433
673;3504.757131610884;5.098325978457315
386;3506.0100339433493;3.7689822566873574
353;3509.5524156806205;4.8832439108020615
1109;3510.7802167135656;4.0299488291927075
1593;3513.2887675634074;8.355762812956963
744;3513.783053995746;5.797461387573444
362;3515.648613488985;8.186775201673807
99;3517.801563647326;3.836582427935876
142;3518.428957823205;15.426774838631342
589;3519.260231837841;7.788784192608823
1614;3519.447651243012;3.2324018010463393
574;3523.3734099913563;7.3179331177998534
1772;3523.5991820646204;7.508775525198039
1754;3523.797580305822;4.760509388388219
1914;3526.037537984348;12.612043456230358
1414;3526.1801710250966;12.346600122630477
347;3526.874640474587;8.949376306795209
1482;3529.5101754357925;19.038623253765888
1760;3530.156514776711;12.13314826681482
878;3535.066661402751;8.649917694280632
919;3538.98442747615;10.634132166324934
202;3539.1994037891345;10.399394244469034
1178;3539.2056200329052;11.080617956593374
322;3543.230821977092;7.103147450698315
331;3544.8232940668736;1.526879183441434
1741;3545.1263954038254;3.8497024259013517
1790;3548.071922721162;7.213492822413183
176;3555.441505412211;13.25381063091415
1534;3558.0523655785246;3.9703429866198974
615;3561.3929313394865;8.367142734295761
454;3563.645252728991;17.818631840305155
256;3568.2144397830307;2.519613689390445
1262;3568.780733359744;13.47027234437646
856;3570.093289636959;14.767976824670937
783;3575.777213389991;7.868744292181658
926;3577.4616553459487;5.707235712276511
387;3577.693704406506;14.201537626661038
599;3579.996822939712;17.272797559049696
1923;3582.4924618467408;4.2078030911043225
1291;3584.125405749953;10.810495414297243
632;3584.6403395313737;16.86656632105443
1806;3588.277782455857;12.539240095847536
821;3591.2704734717418;16.53485384203298
1020;3594.129931960704;18.62659460085156
1084;3600.530491832509;18.359844008074283
250;3603.39041056547;7.359715587141602
1839;3603.984626003357;7.47887066394514
1079;3604.221805939305;10.784913250954194
1318;3604.7724838380923;5.874004852420118
923;3605.1392488263677;15.515833160612054
1550;3605.390109650311;3.638114729854074
1198;3605.5341523272946;11.365916634268238
1013;3605.7582379993896;1.4637956397080223
1193;3610.6545984676945;8.315068607816368
1885;3611.153489541924;11.897031350132078
459;3615.4000555551875;12.924385980858045
1971;3616.1049841498534;10.419171549155534
146;3616.404957306569;11.314338409252606
330;3623.1196137186857;10.538128041899217
669;3626.54824418154;5.2114846792071745
1647;3626.7326794466867;16.313842541870237
1138;3628.4434804406274;19.435097005557985
1600;3631.24159527938;17.571850112367404
1538;3635.6374034516975;15.450834632146904
1248;3645.970487522436;9.034516571948242
133;3649.428729502275;4.739756792559026
1641;3657.3929596838125;8.315697044662642
720;3658.125633384906;13.690452692004563
1392;3662.2973495123515;9.133288176964705
1881;3662.8304682202966;8.933452207722283
1743;3663.9473575905185;8.755449406926452
1689;3665.131795500968;14.336705980157632
1905;3665.9043498200945;2.091907996078596
814;3670.5778779919333;13.223365042739255
64;3671.8378017040723;1.7498845247263901
482;3672.7332433662746;17.630606001882736
920;3673.310463964702;18.784728997159874
1633;3679.017385429419;11.848459747638177
1957;3679.790614801442;19.606816824669707
1736;3686.1582182001293;2.7089058633378507
786;3688.6622576607897;13.046109492131716
1851;3689.7171044361817;9.957907092164744
493;3689.9513124150317;10.202708607675373
1796;3690.0267860833333;18.506093255020176
1850;3690.369864533619;3.1598124220514348
1635;3690.8057958820136;16.82860479124472
666;3691.5223661568803;12.382455991438457
851;3691.9983962722126;13.303611253406949
1691;3692.539665097678;10.132862020530386
1483;3693.0853623557828;17.81314056028892
528;3694.700544611526;17.455040729619515
1000;3695.806087808447;12.842707347197774
68;3695.825370425211;18.429894820744575
617;3696.3056470731535;16.813430462615123
1171;3698.5506681146753;7.051654435448388
1041;3702.9874838897026;11.177767237184646
1852;3704.8110855255704;14.34285392303401
1253;3704.973362093876;6.713390036690631
1686;3707.463146693094;19.923100948798258
282;3708.7721415089063;6.925140376034966
544;3710.475760575406;19.370509843767636
1283;3711.45093929234;11.624175858377123
1541;3712.801565168083;18.345366777472385
1758;3714.037624967313;15.603659650216429
704;3714.1743307797683;2.573256782346727
652;3715.831448255957;5.681746333668021
1608;3718.291771396339;5.955481991322618
16;3720.598898016964;5.91027582668022
1578;3724.6707227819957;4.023837860239464
159;3726.680676074678;1.4226182359126602
237;3728.304393255264;8.450743038735265
1821;3729.019022210287;18.438044730780838
42;3730.082369804068;9.95916820316494
932;3733.3659078892024;2.322965891419968
1944;3734.0554122774006;10.807348370272738
1190;3736.018282081699;18.58544963167241
1835;3736.526008970316;14.048249233345093
495;3737.8728751389644;10.049854393195346
1285;3738.009252961318;3.9488074597417766
56;3738.6301733604105;2.716129563555215
1715;3740.5193822043693;5.342668891369036
1221;3744.7573371101826;1.7266397474667055
242;3746.2837283312797;15.787023028251644
1074;3747.3993213311214;10.303044392796206
290;3747.7113681799497;3.276288614061758
38;3748.2530361866575;14.339488710257772
1156;3748.47205301115;3.8002161949261324
1220;3749.676178789782;4.326944122244416
1480;3749.74753222986;2.4359362779088016
1896;3750.38103699543;16.97551210483862
117;3750.5203293277946;11.789423882416738
559;3755.989815854526;11.935815149354715
1879;3756.4147182878087;5.516962644611422
180;3757.344166477341;3.4078430705795384
1884;3759.2334048105326;6.822441796292646
1948;3759.4802458956988;2.194408481974186
371;3761.2044528454935;16.22301574150506
841;3763.181805616339;8.822882339239225
1396;3763.6620987014353;16.880239784204726
143;3765.250363764577;6.196756154739004
1988;3766.7740424841736;3.3748854838286233
444;3768.7699599333446;6.319809232090804
1053;3769.94936157223;19.196198914341387
524;3771.122555289647;3.3983000375382177
694;3773.0262906916596;4.253184349980625
719;3775.7302380215556;10.982557260330298
379;3777.9440762111217;2.416284976736897
795;3779.062700007806;7.764788644801526
365;3784.9921454199207;5.655100421233654
1548;3786.582744143677;16.604526598959296
992;3787.154200284464;5.59241767564419
1120;3787.921378794732;7.22070610129605
1546;3790.170879620278;7.454898907652762
1194;3790.7365809400885;2.6435106597368074
33;3799.4417738602306;1.0960451731083607
370;3801.278199195458;14.670885859225743
1069;3803.1710766661026;5.1727274573981195
405;3803.370305030688;5.395483918146013
573;3805.0646441503773;19.185786071577553
1791;3805.7236506031068;12.901886206488443
1321;3806.316116793976;18.38231351163714
1317;3810.502364924434;3.001139669108658
339;3811.6017032039335;15.831354655612962
1986;3814.4054118607105;4.605505806637053
1495;3814.7597116714505;8.381461657653716
752;3815.7599473198325;18.881449479775398
1580;3817.612928976055;8.33918636520615
1147;3822.6985721201563;16.267147513527668
171;3825.748670390074;9.7499418488186
905;3826.6141479730077;11.648887225222644
835;3827.0390740499156;11.242202192414775
609;3828.421593227875;3.4241678086458247
1322;3831.199910500274;11.354184582288
17;3831.247475997982;14.921706429845752
1303;3831.9633558038304;8.572787983209718
1853;3832.2200499870746;15.73879023369083
1390;3832.2917103132677;14.511295970972455
1237;3837.3058632236;8.329202524803467
1329;3839.7708700632957;7.491562081018433
210;3847.4922830914757;9.497536849991139
1212;3848.6390403939977;4.622481717481991
778;3852.399463656613;4.129836036041688
1521;3854.1866894750847;8.446423655032211
208;3854.3223085386385;15.160045789286448
248;3857.0036128808592;16.19775518368541
1960;3859.7038318552;3.900228605386992
834;3864.262189747708;12.695928963542215
1612;3868.71019372553;13.244598182953409
985;3872.7359314886457;3.627699959073443
980;3874.2629547975857;13.997550509128098
1849;3874.6576316412206;10.824816393390146
1916;3876.5115851634496;7.712474964149408
189;3876.8558230420545;14.360590019729152
1566;3877.1365035610133;2.9579529632080823
1250;3879.120529008607;14.526748965442648
865;3879.8645822425083;10.781268068026643
1825;3884.5813178232447;19.319715248241092
272;3884.6666230456913;2.611465243519883
214;3885.1710542331693;9.373754194725512
1749;3887.57301555674;14.05632093860585
1210;3888.3146710725746;1.2370183888446993
1775;3896.8802561232706;1.4025598781965527
1895;3897.881088711588;8.129114315144903
1379;3898.008673850451;6.529437225253866
380;3898.4364151208656;19.02377939216916
1813;3902.219209336532;16.59078512981951
909;3904.4545170474626;6.806027227290834
1975;3904.4727340060213;16.448410460224917
1064;3911.374050611534;10.570070118777656
139;3912.33146127532;11.346899139042092
1104;3921.8061513905377;14.064817197520698
1734;3926.733346209364;7.271971587115586
1601;3926.820976006167;19.904904935634345
558;3927.476292845998;18.26324814272414
1616;3927.691622247883;13.67165998240079
335;3928.1092966762476;2.0004203500637305
473;3928.58191764748;13.592295470939751
398;3928.831375303086;8.131745612973557
1925;3929.175211954957;5.451863415637793
1833;3930.6109259374302;10.166157351174208
1539;3930.9950486098555;18.271118650841732
552;3932.275827794272;18.013515217593785
1302;3941.7322843220923;15.001727386792906
816;3946.4607716972064;17.009628893591728
956;3947.596121118125;8.38677808837393
989;3952.2685798915195;9.681955170041958
1409;3957.3946750428927;19.54552694489105
432;3958.2465041191;7.425962254348976
1160;3961.4530236555593;15.123576077608107
80;3963.0240051183787;10.288405405130709
288;3969.3131380977484;19.10357879291023
106;3969.35610441111;13.136702216137035
565;3972.40188950784;10.093881235477044
1650;3974.8852862822428;4.917500904814769
862;3976.3957274721974;15.331440573899872
1949;3978.250801017466;18.288311063367424
479;3979.0520299735003;9.219105171404893
700;3982.441438283873;18.33182837668486
1476;3986.793189167926;5.304623165652493
904;3990.390648986638;3.3466436011738425
1492;3992.551215801155;16.948554090958154
727;3992.5608445653243;4.400941585414946
1444;3993.630172294391;13.312497548862144
1999;3997.793238616453;11.841988997632235
1993;3998.1638089401263;12.880265565824281
252;3998.740724592796;8.006852557422885
188;4001.1211613833725;15.438211526758208
1605;4001.550221929135;9.010741617358297
1183;4002.6837130294784;3.618153045809581
1945;4003.4635078547794;10.07677797371635
1459;4005.2047959964802;15.582213499100511
84;4010.816989394529;14.268641975789857
1306;4011.4421419012333;7.541668808093973
1490;4012.5062301739636;4.265095813749294
1356;4016.635110087676;15.610559399301192
1461;4018.8527475262545;15.435753394686335
1394;4020.2835785389557;7.540476996858687
137;4020.7983099751837;12.07133303318919
1093;4021.3383894984518;7.707294304522092
458;4021.892372442696;17.701553489573136
626;4026.383741700752;10.499454527840316
984;4026.4704160568085;13.299726773488773
520;4026.9520366989937;15.17361689760115
187;4027.4934569899774;2.258573325036032
47;4033.085724777418;9.656639258782722
1952;4036.72695003207;6.263372909763523
1365;4039.2036341574076;5.894435624278431
407;4041.387842615101;1.8983445610299565
903;4043.471768883508;11.539027495281218
1981;4051.0957735239863;11.513339049656633
969;4052.783085382777;13.197001724175221
368;4055.3057800816755;15.269873989629383
658;4055.851817367756;11.585418207317797
79;4058.205955470581;19.432020905506807
233;4060.3243993310457;7.455883762439722
344;4060.9871005921796;13.05143391727055
334;4061.1989932848496;7.075901142317018
1508;4061.5044401132545;10.248517272957809
1092;4064.85868341718;2.6540641613109797
1663;4065.433250112825;3.121440446267825
259;4065.6576887721717;4.99712041089599
404;4067.611447061141;10.252125628871568
1599;4069.6203551308868;17.45165193110498
450;4074.8775184740152;10.52491904958544
712;4075.0043528298556;6.765112291260257
769;4076.03063050109;11.749389806668002
29;4079.591201243443;9.67212538356477
751;4080.175064249468;16.5246536831164
1140;4080.932166481082;16.041267558072313
1977;4082.6529595893526;13.852919860869296
457;4084.3647763184517;9.157940162650727
1135;4086.829442627037;5.623464574214561
968;4088.716260173609;17.781080965240747
1842;4091.5727488274297;11.43018062802776
1759;4092.425359571058;12.74668906843949
1783;4097.80609418254;9.200972473620842
1182;4098.477886091465;14.611312606020663
907;4099.140696508323;13.821908743251724
1162;4104.378927792382;17.585740352950946
1061;4116.338140254599;11.80349879903035
1002;4116.600804505145;14.906405711856394
1710;4117.60789206343;18.567033523620108
1665;4118.09272486879;10.116456111253584
979;4124.272970689423;18.390932653119577
1230;4128.393928212879;14.834733471847343
1284;4135.787737805708;18.525426831671258
303;4136.9054923814765;5.601459353186181
1328;4139.924777759937;2.5574729179794957
1684;4140.190991891199;19.00644309258659
1286;4145.780451222621;10.798898614730255
1695;4150.207633225354;5.371593793672751
927;4152.349812619045;14.940877507015335
1793;4154.59704362351;8.467601639781098
1570;4154.959794146044;4.0344459486067965
503;4155.886760988908;8.194496952388175
1545;4158.517492405579;1.3381381551249443
1126;4158.526782400493;17.481434197067372
705;4161.293481513885;3.5379680521394308
554;4162.14976302403;4.674625445799882
1730;4167.79699434872;10.628640131577718
1613;4167.944162009425;13.977117647788674
145;4168.17662996423;6.668001780923973
1259;4169.213567269856;10.372981230625562
1030;4169.297749849815;17.12365804384652
1926;4171.753613279315;11.918518057479163
1523;4171.921532376626;12.460483132599727
655;4177.1642885274505;12.749903236243775
324;4178.325787679863;14.417756475835947
1083;4179.117957216381;7.906375554408139
1706;4179.188471454096;8.26083765305076
1780;4179.849130453102;16.213246305419236
219;4180.186523875484;7.557390112417849
1374;4181.316021428434;14.091209740561697
1892;4181.737081215253;14.043504296072491
1418;4182.895085917196;18.50335137778428
